{
  "generatedAt": "2026-03-10T00:02:46.492Z",
  "seed": 42,
  "sessions": 30,
  "profiles": {
    "underconfident": {
      "placementAccuracy": 1,
      "finalMasteryPercent": 0.6619718309859155,
      "sessionsTo50Mastery": 17,
      "difficultyConvergencePoint": 36,
      "sameStrandAdjacencyRate": 0.618409680207433,
      "reviewNewRatio": 0.0674061433447099,
      "demandEntropy": 0.8575962878599108,
      "remediationEvents": 1964,
      "fireReviewsSkipped": 0
    },
    "struggling-young": {
      "placementAccuracy": 0,
      "finalMasteryPercent": 0.15492957746478872,
      "sessionsTo50Mastery": null,
      "difficultyConvergencePoint": 145,
      "sameStrandAdjacencyRate": 0.7420393559928443,
      "reviewNewRatio": 0.05628318584070797,
      "demandEntropy": 1.0150959518532974,
      "remediationEvents": 2549,
      "fireReviewsSkipped": 0
    },
    "struggling-older": {
      "placementAccuracy": 1,
      "finalMasteryPercent": 0.2676056338028169,
      "sessionsTo50Mastery": null,
      "difficultyConvergencePoint": 427,
      "sameStrandAdjacencyRate": 0.8395288921604711,
      "reviewNewRatio": 0.0444120859119039,
      "demandEntropy": 0.9606120016000079,
      "remediationEvents": 2480,
      "fireReviewsSkipped": 0
    },
    "strong-young": {
      "placementAccuracy": 1,
      "finalMasteryPercent": 0.5774647887323944,
      "sessionsTo50Mastery": 10,
      "difficultyConvergencePoint": 10,
      "sameStrandAdjacencyRate": 0.6670201484623541,
      "reviewNewRatio": 0.0472193074501574,
      "demandEntropy": 0.5382880412971761,
      "remediationEvents": 2543,
      "fireReviewsSkipped": 0
    },
    "strong-older": {
      "placementAccuracy": 0,
      "finalMasteryPercent": 0.8028169014084507,
      "sessionsTo50Mastery": 0,
      "difficultyConvergencePoint": 43,
      "sameStrandAdjacencyRate": 0.6286919831223629,
      "reviewNewRatio": 0.2247191011235955,
      "demandEntropy": 1.1808004976376012,
      "remediationEvents": 0,
      "fireReviewsSkipped": 0
    },
    "overconfident": {
      "placementAccuracy": 0,
      "finalMasteryPercent": 0.352112676056338,
      "sessionsTo50Mastery": null,
      "difficultyConvergencePoint": 116,
      "sameStrandAdjacencyRate": 0.7409666823087753,
      "reviewNewRatio": 0.06756131420638593,
      "demandEntropy": 1.0210653452386131,
      "remediationEvents": 1845,
      "fireReviewsSkipped": 0
    },
    "misconception-fractions": {
      "placementAccuracy": 0,
      "finalMasteryPercent": 0.7746478873239436,
      "sessionsTo50Mastery": 0,
      "difficultyConvergencePoint": 120,
      "sameStrandAdjacencyRate": 0.5581818181818182,
      "reviewNewRatio": 0.13805309734513274,
      "demandEntropy": 1.2035314347643438,
      "remediationEvents": 716,
      "fireReviewsSkipped": 0
    },
    "fast-learner": {
      "placementAccuracy": 1,
      "finalMasteryPercent": 0.5633802816901409,
      "sessionsTo50Mastery": 18,
      "difficultyConvergencePoint": 86,
      "sameStrandAdjacencyRate": 0.7128226136829169,
      "reviewNewRatio": 0.06353702954269526,
      "demandEntropy": 0.8485875960471603,
      "remediationEvents": 2116,
      "fireReviewsSkipped": 0
    },
    "average-young": {
      "placementAccuracy": 1,
      "finalMasteryPercent": 0.3380281690140845,
      "sessionsTo50Mastery": null,
      "difficultyConvergencePoint": 90,
      "sameStrandAdjacencyRate": 0.7124588966021191,
      "reviewNewRatio": 0.04119985543910372,
      "demandEntropy": 1.0018452930122685,
      "remediationEvents": 2518,
      "fireReviewsSkipped": 0
    },
    "average-older": {
      "placementAccuracy": 0,
      "finalMasteryPercent": 0.8028169014084507,
      "sessionsTo50Mastery": 0,
      "difficultyConvergencePoint": 114,
      "sameStrandAdjacencyRate": 0.760894495412844,
      "reviewNewRatio": 0.0834272829763247,
      "demandEntropy": 0.822155350747128,
      "remediationEvents": 1427,
      "fireReviewsSkipped": 0
    }
  },
  "contentQuality": {
    "tooHard": [
      "long-division",
      "classify-2d-shapes",
      "factors-multiples",
      "line-symmetry",
      "angles-intro",
      "fractions-number-line",
      "place-value-rounding",
      "multiply-word-problems",
      "teen-numbers",
      "intro-fractions",
      "area-intro",
      "multi-digit-multiply",
      "divide-within-100"
    ],
    "tooEasy": [],
    "perTopicAccuracy": {
      "intro-arrays": 0.7391304347826086,
      "subtract-within-1000": 0.6595744680851063,
      "subtract-within-100-fluent": 0.6694214876033058,
      "count-to-10": 0.8512,
      "count-to-20": 0.8764044943820225,
      "count-to-100": 0.7993630573248408,
      "compare-numbers-k": 0.8152492668621701,
      "add-within-5": 0.8880597014925373,
      "subtract-within-5": 0.7832167832167832,
      "add-within-10": 0.7666666666666667,
      "skip-count-2-5-10": 0.620253164556962,
      "teen-numbers": 0.8666666666666667,
      "shapes-2d-k": 0.8913144449605203,
      "shapes-3d-k": 0.8421052631578947,
      "add-within-20": 0.8277153558052435,
      "add-subtract-word-problems-1": 0.875,
      "place-value-tens-ones": 0.7868098159509203,
      "add-within-100-fluent": 0.767511177347243,
      "measure-length-nonstandard": 0.7478632478632479,
      "compare-two-digit": 0.6428571428571429,
      "tell-time-hour-half": 0.84375,
      "add-within-100": 0.6444444444444445,
      "measure-length-standard": 0.7316433566433567,
      "place-value-hundreds": 0.6837041491280818,
      "odd-even": 0.7755102040816326,
      "perimeter": 0.6041666666666666,
      "tell-time-minute": 0.5538461538461539,
      "money-coins-bills": 0.75,
      "bar-graphs-picture-graphs": 0.5267857142857143,
      "multiply-within-100": 0.7172205438066466,
      "angles-intro": 0.49881516587677727,
      "divide-within-100": 0.7235955056179775,
      "multiply-word-problems": 0.7111111111111111,
      "properties-of-multiplication": 0.7824427480916031,
      "patterns-arithmetic": 0.6956521739130435,
      "division-word-problems": 0.8285714285714286,
      "intro-fractions": 0.7540106951871658,
      "line-symmetry": 0.5036585365853659,
      "area-intro": 0.631578947368421,
      "factors-multiples": 0.4492753623188406,
      "add-within-1000": 0.578125,
      "place-value-rounding": 0.5526315789473685,
      "multi-digit-add-sub": 0.762130177514793,
      "classify-2d-shapes": 0.3442622950819672,
      "multi-digit-multiply": 0.6109785202863962,
      "long-division": 0.6408163265306123,
      "fractions-number-line": 0.7611607142857143,
      "equivalent-fractions-3": 0.7692307692307693,
      "compare-fractions-3": 0.7419354838709677,
      "area-multiply": 0.9125,
      "equivalent-fractions-4": 0.7457627118644068,
      "add-subtract-fractions": 0.5769230769230769,
      "multiply-fraction-by-whole": 0.6111111111111112,
      "decimals-intro": 0.7,
      "place-value-decimals": 0.6113744075829384,
      "decimal-operations": 0.7313432835820896,
      "compare-fractions-4": 0.7272727272727273,
      "coordinate-plane": 0.5128205128205128,
      "subtract-within-20": 0.7380952380952381,
      "subtract-within-10": 0.8701923076923077,
      "multiply-fractions": 0.6551724137931034,
      "add-subtract-fractions-unlike": 0.4782608695652174,
      "divide-fractions": 0.3508771929824561,
      "order-of-operations": 0.75,
      "divide-multi-digit": 0.8035714285714286,
      "multi-step-word-problems": 0.9,
      "unit-conversion": 0.6666666666666666,
      "multiply-multi-digit": 0.6645569620253164,
      "line-plots": 0.8571428571428571,
      "variables-expressions": 1,
      "volume": 0.6086956521739131
    }
  }
}
