{
  "generatedAt": "2026-03-09T23:38:05.051Z",
  "seed": 42,
  "sessions": 30,
  "profiles": {
    "underconfident": {
      "placementAccuracy": 1,
      "finalMasteryPercent": 0.3380281690140845,
      "sessionsTo50Mastery": null,
      "difficultyConvergencePoint": 561,
      "sameStrandAdjacencyRate": 0.7623497997329773,
      "reviewNewRatio": 0.09358638743455497,
      "demandEntropy": 0.970404206537276,
      "remediationEvents": 1279,
      "fireReviewsSkipped": 0
    },
    "struggling-young": {
      "placementAccuracy": 0,
      "finalMasteryPercent": 0.15492957746478872,
      "sessionsTo50Mastery": null,
      "difficultyConvergencePoint": 145,
      "sameStrandAdjacencyRate": 0.7579787234042553,
      "reviewNewRatio": 0.0752405949256343,
      "demandEntropy": 0.9851908429603894,
      "remediationEvents": 2018,
      "fireReviewsSkipped": 0
    },
    "struggling-older": {
      "placementAccuracy": 1,
      "finalMasteryPercent": 0.22535211267605634,
      "sessionsTo50Mastery": null,
      "difficultyConvergencePoint": 427,
      "sameStrandAdjacencyRate": 0.9316770186335404,
      "reviewNewRatio": 0.07677814413565709,
      "demandEntropy": 0.9884173630209072,
      "remediationEvents": 1858,
      "fireReviewsSkipped": 0
    },
    "strong-young": {
      "placementAccuracy": 1,
      "finalMasteryPercent": 0.4225352112676056,
      "sessionsTo50Mastery": null,
      "difficultyConvergencePoint": 10,
      "sameStrandAdjacencyRate": 0.853429203539823,
      "reviewNewRatio": 0.07181719260065289,
      "demandEntropy": 0.9651634751116239,
      "remediationEvents": 1574,
      "fireReviewsSkipped": 0
    },
    "strong-older": {
      "placementAccuracy": 0,
      "finalMasteryPercent": 0.7605633802816901,
      "sessionsTo50Mastery": 0,
      "difficultyConvergencePoint": null,
      "sameStrandAdjacencyRate": 0.7302631578947368,
      "reviewNewRatio": 0.06369426751592357,
      "demandEntropy": 1.2309416384308813,
      "remediationEvents": 0,
      "fireReviewsSkipped": 0
    },
    "overconfident": {
      "placementAccuracy": 0,
      "finalMasteryPercent": 0.29577464788732394,
      "sessionsTo50Mastery": null,
      "difficultyConvergencePoint": 36,
      "sameStrandAdjacencyRate": 0.7215363511659808,
      "reviewNewRatio": 0.07803337843933243,
      "demandEntropy": 0.8938576659096373,
      "remediationEvents": 1924,
      "fireReviewsSkipped": 0
    },
    "misconception-fractions": {
      "placementAccuracy": 0,
      "finalMasteryPercent": 0.4225352112676056,
      "sessionsTo50Mastery": 0,
      "difficultyConvergencePoint": 120,
      "sameStrandAdjacencyRate": 0.7359154929577465,
      "reviewNewRatio": 0.058823529411764705,
      "demandEntropy": 0.7952107596066589,
      "remediationEvents": 149,
      "fireReviewsSkipped": 0
    },
    "fast-learner": {
      "placementAccuracy": 1,
      "finalMasteryPercent": 0.36619718309859156,
      "sessionsTo50Mastery": null,
      "difficultyConvergencePoint": 86,
      "sameStrandAdjacencyRate": 0.760998810939358,
      "reviewNewRatio": 0.07535046728971963,
      "demandEntropy": 0.9628419909916648,
      "remediationEvents": 1462,
      "fireReviewsSkipped": 0
    },
    "average-young": {
      "placementAccuracy": 1,
      "finalMasteryPercent": 0.2112676056338028,
      "sessionsTo50Mastery": null,
      "difficultyConvergencePoint": 90,
      "sameStrandAdjacencyRate": 0.7179715302491103,
      "reviewNewRatio": 0.07155399473222125,
      "demandEntropy": 1.0047649941816355,
      "remediationEvents": 2008,
      "fireReviewsSkipped": 0
    },
    "average-older": {
      "placementAccuracy": 0,
      "finalMasteryPercent": 0.43661971830985913,
      "sessionsTo50Mastery": 0,
      "difficultyConvergencePoint": 114,
      "sameStrandAdjacencyRate": 0.9176136363636364,
      "reviewNewRatio": 0.0392156862745098,
      "demandEntropy": 0.9555657301530965,
      "remediationEvents": 263,
      "fireReviewsSkipped": 0
    }
  },
  "contentQuality": {
    "tooHard": [
      "line-symmetry",
      "divide-within-100",
      "bar-graphs-picture-graphs",
      "perimeter",
      "angles-intro",
      "patterns-arithmetic",
      "properties-of-multiplication",
      "multi-digit-add-sub",
      "fractions-number-line"
    ],
    "tooEasy": [],
    "perTopicAccuracy": {
      "intro-arrays": 0.6666666666666666,
      "subtract-within-1000": 0.8527131782945736,
      "subtract-within-100-fluent": 0.6853932584269663,
      "count-to-10": 0.8318713450292398,
      "count-to-20": 0.8609625668449198,
      "count-to-100": 0.7819148936170213,
      "compare-numbers-k": 0.8,
      "add-within-5": 0.8731343283582089,
      "subtract-within-5": 0.7884615384615384,
      "add-within-10": 0.8119266055045872,
      "skip-count-2-5-10": 0.5365853658536586,
      "teen-numbers": 0.7962962962962963,
      "shapes-2d-k": 0.9214801444043321,
      "shapes-3d-k": 0.84375,
      "measure-length-nonstandard": 0.7579972183588317,
      "tell-time-hour-half": 0.7875,
      "place-value-hundreds": 0.6445714285714286,
      "place-value-tens-ones": 0.7917174177831913,
      "add-within-100-fluent": 0.8629032258064516,
      "measure-length-standard": 0.7423664122137404,
      "money-coins-bills": 0.8181818181818182,
      "tell-time-minute": 0.4942528735632184,
      "multiply-within-100": 0.7409152086137282,
      "bar-graphs-picture-graphs": 0.42441860465116277,
      "line-symmetry": 0.3708609271523179,
      "odd-even": 0.75,
      "divide-within-100": 0.706766917293233,
      "angles-intro": 0.3763440860215054,
      "intro-fractions": 0.8,
      "subtract-within-20": 0.6962457337883959,
      "compare-two-digit": 0.7894736842105263,
      "add-within-20": 0.8448275862068966,
      "subtract-within-10": 0.9159663865546218,
      "add-within-100": 0.7875457875457875,
      "place-value-rounding": 0.6,
      "perimeter": 0.7142857142857143,
      "properties-of-multiplication": 0.8048780487804879,
      "multiply-word-problems": 0.6486486486486487,
      "add-subtract-word-problems-1": 0.8518518518518519,
      "add-within-1000": 0.8195488721804511,
      "patterns-arithmetic": 0.6444444444444445,
      "multi-digit-add-sub": 0.6041666666666666,
      "area-intro": 0.7096774193548387,
      "multiply-fractions": 0.3333333333333333,
      "coordinate-plane": 1,
      "add-subtract-fractions-unlike": 1,
      "divide-fractions": 0.5,
      "order-of-operations": 0.6666666666666666,
      "divide-multi-digit": 1,
      "division-word-problems": 1,
      "decimal-operations": 1,
      "fractions-number-line": 0.8787878787878788,
      "compare-fractions-3": 0.7,
      "area-multiply": 1,
      "variables-expressions": 1,
      "equivalent-fractions-3": 0.8333333333333334,
      "long-division": 0.6666666666666666,
      "factors-multiples": 0.3333333333333333,
      "multi-digit-multiply": 0
    }
  }
}
