{
  "generatedAt": "2026-03-09T22:18:08.054Z",
  "seed": 42,
  "sessions": 30,
  "profiles": {
    "underconfident": {
      "placementAccuracy": 1,
      "finalMasteryPercent": 0.2676056338028169,
      "sessionsTo50Mastery": null,
      "difficultyConvergencePoint": 325,
      "sameStrandAdjacencyRate": 0.8699271592091571,
      "reviewNewRatio": 0.136226034308779,
      "demandEntropy": 0.6488912865203909,
      "remediationEvents": 756,
      "fireReviewsSkipped": 0
    },
    "struggling-young": {
      "placementAccuracy": 0,
      "finalMasteryPercent": 0.028169014084507043,
      "sessionsTo50Mastery": null,
      "difficultyConvergencePoint": 145,
      "sameStrandAdjacencyRate": 0.8817500985415846,
      "reviewNewRatio": 0.06077132839890923,
      "demandEntropy": 1.0579776890391306,
      "remediationEvents": 2339,
      "fireReviewsSkipped": 0
    },
    "struggling-older": {
      "placementAccuracy": 1,
      "finalMasteryPercent": 0.08450704225352113,
      "sessionsTo50Mastery": null,
      "difficultyConvergencePoint": 427,
      "sameStrandAdjacencyRate": 0.8867924528301887,
      "reviewNewRatio": 0.08307533539731682,
      "demandEntropy": 0.9884616195346103,
      "remediationEvents": 1667,
      "fireReviewsSkipped": 0
    },
    "strong-young": {
      "placementAccuracy": 1,
      "finalMasteryPercent": 0.2535211267605634,
      "sessionsTo50Mastery": null,
      "difficultyConvergencePoint": 10,
      "sameStrandAdjacencyRate": 0.7592857142857142,
      "reviewNewRatio": 0.12447552447552447,
      "demandEntropy": 1.0292079345363434,
      "remediationEvents": 1108,
      "fireReviewsSkipped": 0
    },
    "strong-older": {
      "placementAccuracy": 0,
      "finalMasteryPercent": 0.7183098591549296,
      "sessionsTo50Mastery": 0,
      "difficultyConvergencePoint": 49,
      "sameStrandAdjacencyRate": 0.6203208556149733,
      "reviewNewRatio": 0.3069306930693069,
      "demandEntropy": 1.5079068199131211,
      "remediationEvents": 95,
      "fireReviewsSkipped": 0
    },
    "overconfident": {
      "placementAccuracy": 0,
      "finalMasteryPercent": 0.09859154929577464,
      "sessionsTo50Mastery": null,
      "difficultyConvergencePoint": 116,
      "sameStrandAdjacencyRate": 0.6710843373493975,
      "reviewNewRatio": 0.09526627218934912,
      "demandEntropy": 1.051124239182013,
      "remediationEvents": 1404,
      "fireReviewsSkipped": 0
    },
    "misconception-fractions": {
      "placementAccuracy": 0,
      "finalMasteryPercent": 0.36619718309859156,
      "sessionsTo50Mastery": 0,
      "difficultyConvergencePoint": 135,
      "sameStrandAdjacencyRate": 0.6979071883530482,
      "reviewNewRatio": 0.17006200177147918,
      "demandEntropy": 0.6974752679837471,
      "remediationEvents": 755,
      "fireReviewsSkipped": 0
    },
    "fast-learner": {
      "placementAccuracy": 1,
      "finalMasteryPercent": 0.11267605633802817,
      "sessionsTo50Mastery": null,
      "difficultyConvergencePoint": 86,
      "sameStrandAdjacencyRate": 0.5839668279198341,
      "reviewNewRatio": 0.1083276912660799,
      "demandEntropy": 0.741823498059338,
      "remediationEvents": 1189,
      "fireReviewsSkipped": 0
    },
    "average-young": {
      "placementAccuracy": 1,
      "finalMasteryPercent": 0.08450704225352113,
      "sessionsTo50Mastery": null,
      "difficultyConvergencePoint": 90,
      "sameStrandAdjacencyRate": 0.7852015461071231,
      "reviewNewRatio": 0.06626833242802825,
      "demandEntropy": 0.9366673818775625,
      "remediationEvents": 1617,
      "fireReviewsSkipped": 0
    },
    "average-older": {
      "placementAccuracy": 0,
      "finalMasteryPercent": 0.39436619718309857,
      "sessionsTo50Mastery": 0,
      "difficultyConvergencePoint": 114,
      "sameStrandAdjacencyRate": 0.6605166051660517,
      "reviewNewRatio": 0.09842995169082126,
      "demandEntropy": 0.926526125981729,
      "remediationEvents": 1380,
      "fireReviewsSkipped": 0
    }
  },
  "contentQuality": {
    "tooHard": [
      "angles-intro",
      "line-symmetry",
      "place-value-rounding",
      "tell-time-minute",
      "properties-of-multiplication",
      "divide-within-100",
      "perimeter",
      "multiply-within-100"
    ],
    "tooEasy": [],
    "perTopicAccuracy": {
      "intro-arrays": 0.7735849056603774,
      "subtract-within-1000": 0.838150289017341,
      "subtract-within-100-fluent": 0.7962962962962963,
      "count-to-10": 0.8597014925373134,
      "count-to-20": 0.8428571428571429,
      "count-to-100": 0.7673267326732673,
      "compare-numbers-k": 0.8552631578947368,
      "add-within-5": 0.7635467980295566,
      "subtract-within-5": 0.8516129032258064,
      "add-within-10": 0.7869565217391304,
      "skip-count-2-5-10": 0.5543478260869565,
      "add-within-100-fluent": 0.7893432465923172,
      "shapes-2d-k": 0.9118783818603453,
      "shapes-3d-k": 0.88,
      "teen-numbers": 0.710691823899371,
      "measure-length-nonstandard": 0.7003367003367004,
      "tell-time-hour-half": 0.8057553956834532,
      "measure-length-standard": 0.8148914167528438,
      "place-value-hundreds": 0.8288770053475936,
      "place-value-tens-ones": 0.7872340425531915,
      "odd-even": 0.717391304347826,
      "tell-time-minute": 0.45098039215686275,
      "money-coins-bills": 0.7906976744186046,
      "bar-graphs-picture-graphs": 0.5,
      "multiply-within-100": 0.7649006622516556,
      "line-symmetry": 0.5725806451612904,
      "subtract-within-20": 0.7194570135746606,
      "compare-two-digit": 0.7894736842105263,
      "add-within-20": 0.8823529411764706,
      "subtract-within-10": 0.7046413502109705,
      "add-within-100": 0.7624309392265194,
      "place-value-rounding": 0.6447368421052632,
      "perimeter": 0.5853658536585366,
      "properties-of-multiplication": 0.7924528301886793,
      "multiply-word-problems": 0.7115384615384616,
      "add-subtract-word-problems-1": 0.9090909090909091,
      "add-within-1000": 0.8148148148148148,
      "divide-within-100": 0.8587786259541985,
      "patterns-arithmetic": 0.7254901960784313,
      "multi-digit-add-sub": 0.797979797979798,
      "area-intro": 0.7857142857142857,
      "angles-intro": 0.7371794871794872,
      "multiply-fractions": 0.5909090909090909,
      "coordinate-plane": 1,
      "add-subtract-fractions-unlike": 0.37142857142857144,
      "divide-fractions": 0.75,
      "line-plots": 1,
      "unit-conversion": 1,
      "divide-multi-digit": 0.6875,
      "division-word-problems": 0.9333333333333333,
      "multiply-multi-digit": 0.8333333333333334,
      "fractions-number-line": 0.6698564593301436,
      "compare-fractions-3": 0.9,
      "area-multiply": 0.8333333333333334,
      "factors-multiples": 0.65,
      "equivalent-fractions-4": 0.9134615384615384,
      "compare-fractions-4": 0.7647058823529411,
      "volume": 1,
      "multi-step-word-problems": 0.8,
      "order-of-operations": 0.9166666666666666,
      "place-value-decimals": 0.8461538461538461,
      "variables-expressions": 0.7777777777777778,
      "decimal-operations": 1,
      "classify-2d-shapes": 0.7058823529411765,
      "intro-fractions": 0.8851351351351351,
      "equivalent-fractions-3": 0.9166666666666666,
      "long-division": 0.8547008547008547,
      "add-subtract-fractions": 0.782608695652174,
      "decimals-intro": 0.75,
      "multiply-fraction-by-whole": 0.8378378378378378,
      "multi-digit-multiply": 0.6666666666666666
    }
  }
}
